url_path,views_total,views_unique
/NSBLab/BrainEigenmodes/tree/main/data,50,10
/NSBLab/BrainEigenmodes,32,22
/NSBLab/BrainEigenmodes/tree/main/functions_matlab,27,8
/NSBLab/BrainEigenmodes/tree/main/data/empirical,20,4
/NSBLab/BrainEigenmodes/blob/main/data/empirical/.DS_Store,18,4
/NSBLab/BrainEigenmodes/tree/main/data/examples,13,5
/NSBLab/BrainEigenmodes/tree/main,8,4
/NSBLab/BrainEigenmodes/blob/main/demo_eigenmode_visualization.m,8,3
/NSBLab/BrainEigenmodes/tree/main/data/figures_Nature,8,3
/NSBLab/BrainEigenmodes/tree/main/data/template_surfaces_volumes,6,3
